{"weights": [0.17137710945095552, 0.04045006453550333, -0.29860084897415357, -0.037238660506951786, -0.017808785817721315, 0.13397930257269383, 0.14414322442950417, 0.1518058633602763, 0.14463500653494646, 0.3520181577925897, -0.04942291889172323, 0.0144526270567809, -0.05071271918181138, 0.26076829763916504, 0.030479455413363082, -0.1004036152935761, 0.08739577861124334, 0.43402789267857605, 0.05588136148145252, -0.008559718121406216, -0.06340308461297706, 0.23068362928567604, -0.03167563847604022, -0.16427102602880364], "epsilon": 0.019493695829474897, "decay": 0.99, "regularizaton": 0.001}